outlet_id,outlet_name,channel,province,distributor_id
O0000,Outlet 0,GT,Jawa Barat,D03
O0001,Outlet 1,MT,Jawa Timur,D09
O0002,Outlet 2,MT,Jawa Tengah,D07
O0003,Outlet 3,MT,Jawa Barat,D04
O0004,Outlet 4,GT,Bali,D02
O0005,Outlet 5,MT,Jawa Barat,D05
O0006,Outlet 6,MT,Jawa Timur,D07
O0007,Outlet 7,GT,Jawa Tengah,D01
O0008,Outlet 8,MT,Jawa Timur,D02
O0009,Outlet 9,MT,Bali,D10
O0010,Outlet 10,GT,Banten,D02
O0011,Outlet 11,GT,Jawa Barat,D10
O0012,Outlet 12,GT,Bali,D08
O0013,Outlet 13,GT,Jawa Timur,D09
O0014,Outlet 14,GT,Banten,D02
O0015,Outlet 15,GT,Jawa Barat,D09
O0016,Outlet 16,MT,Jawa Timur,D09
O0017,Outlet 17,MT,Banten,D01
O0018,Outlet 18,MT,DKI Jakarta,D08
O0019,Outlet 19,MT,Jawa Tengah,D03
O0020,Outlet 20,GT,Jawa Tengah,D03
O0021,Outlet 21,GT,Banten,D10
O0022,Outlet 22,MT,DKI Jakarta,D07
O0023,Outlet 23,GT,Jawa Timur,D02
O0024,Outlet 24,MT,Bali,D08
O0025,Outlet 25,GT,Jawa Timur,D08
O0026,Outlet 26,MT,Jawa Tengah,D01
O0027,Outlet 27,MT,Bali,D03
O0028,Outlet 28,GT,Jawa Barat,D07
O0029,Outlet 29,GT,Jawa Tengah,D09
O0030,Outlet 30,GT,Jawa Barat,D10
O0031,Outlet 31,MT,Jawa Tengah,D07
O0032,Outlet 32,GT,Banten,D04
O0033,Outlet 33,GT,Banten,D04
O0034,Outlet 34,GT,Jawa Tengah,D03
O0035,Outlet 35,MT,Jawa Barat,D10
O0036,Outlet 36,GT,DKI Jakarta,D05
O0037,Outlet 37,GT,Jawa Timur,D04
O0038,Outlet 38,GT,Jawa Tengah,D10
O0039,Outlet 39,MT,DKI Jakarta,D07
O0040,Outlet 40,GT,DKI Jakarta,D09
O0041,Outlet 41,GT,DKI Jakarta,D04
O0042,Outlet 42,MT,Jawa Tengah,D07
O0043,Outlet 43,MT,Jawa Tengah,D09
O0044,Outlet 44,GT,DKI Jakarta,D03
O0045,Outlet 45,MT,Jawa Tengah,D06
O0046,Outlet 46,MT,DKI Jakarta,D04
O0047,Outlet 47,MT,DKI Jakarta,D10
O0048,Outlet 48,GT,Bali,D07
O0049,Outlet 49,GT,DKI Jakarta,D05
O0050,Outlet 50,MT,DKI Jakarta,D01
O0051,Outlet 51,GT,Jawa Timur,D06
O0052,Outlet 52,MT,DKI Jakarta,D01
O0053,Outlet 53,MT,Jawa Barat,D05
O0054,Outlet 54,GT,Bali,D07
O0055,Outlet 55,GT,Jawa Tengah,D08
O0056,Outlet 56,MT,Bali,D08
O0057,Outlet 57,GT,Jawa Barat,D06
O0058,Outlet 58,MT,DKI Jakarta,D09
O0059,Outlet 59,MT,Bali,D03
O0060,Outlet 60,GT,Jawa Tengah,D04
O0061,Outlet 61,MT,Jawa Tengah,D03
O0062,Outlet 62,MT,Jawa Timur,D09
O0063,Outlet 63,GT,Jawa Barat,D08
O0064,Outlet 64,MT,Jawa Timur,D09
O0065,Outlet 65,MT,Bali,D10
O0066,Outlet 66,MT,Jawa Timur,D10
O0067,Outlet 67,GT,Jawa Timur,D01
O0068,Outlet 68,MT,Bali,D05
O0069,Outlet 69,GT,Jawa Tengah,D07
O0070,Outlet 70,MT,Jawa Tengah,D03
O0071,Outlet 71,GT,Jawa Tengah,D04
O0072,Outlet 72,GT,DKI Jakarta,D08
O0073,Outlet 73,GT,DKI Jakarta,D08
O0074,Outlet 74,GT,Jawa Timur,D03
O0075,Outlet 75,MT,DKI Jakarta,D03
O0076,Outlet 76,GT,Jawa Barat,D02
O0077,Outlet 77,GT,Jawa Tengah,D09
O0078,Outlet 78,MT,Jawa Timur,D01
O0079,Outlet 79,GT,Jawa Timur,D08
O0080,Outlet 80,GT,Jawa Tengah,D01
O0081,Outlet 81,MT,Jawa Timur,D03
O0082,Outlet 82,GT,Bali,D06
O0083,Outlet 83,GT,Jawa Tengah,D06
O0084,Outlet 84,GT,Jawa Tengah,D02
O0085,Outlet 85,MT,DKI Jakarta,D01
O0086,Outlet 86,MT,Banten,D03
O0087,Outlet 87,GT,DKI Jakarta,D01
O0088,Outlet 88,GT,Bali,D05
O0089,Outlet 89,GT,Jawa Timur,D09
O0090,Outlet 90,GT,Banten,D01
O0091,Outlet 91,GT,Jawa Tengah,D01
O0092,Outlet 92,MT,Banten,D05
O0093,Outlet 93,MT,DKI Jakarta,D03
O0094,Outlet 94,MT,DKI Jakarta,D10
O0095,Outlet 95,GT,Jawa Barat,D03
O0096,Outlet 96,GT,Jawa Barat,D06
O0097,Outlet 97,MT,Jawa Tengah,D10
O0098,Outlet 98,GT,DKI Jakarta,D08
O0099,Outlet 99,GT,Jawa Tengah,D06
O0100,Outlet 100,MT,Banten,D10
O0101,Outlet 101,GT,Jawa Tengah,D02
O0102,Outlet 102,GT,Banten,D10
O0103,Outlet 103,MT,Jawa Timur,D04
O0104,Outlet 104,GT,Bali,D03
O0105,Outlet 105,MT,Jawa Timur,D02
O0106,Outlet 106,MT,Bali,D03
O0107,Outlet 107,GT,Bali,D06
O0108,Outlet 108,GT,Bali,D01
O0109,Outlet 109,MT,Bali,D06
O0110,Outlet 110,GT,Banten,D01
O0111,Outlet 111,GT,Jawa Timur,D05
O0112,Outlet 112,GT,Bali,D04
O0113,Outlet 113,MT,Jawa Tengah,D07
O0114,Outlet 114,MT,Banten,D02
O0115,Outlet 115,GT,Bali,D03
O0116,Outlet 116,GT,Jawa Tengah,D10
O0117,Outlet 117,MT,Banten,D10
O0118,Outlet 118,GT,DKI Jakarta,D05
O0119,Outlet 119,MT,Jawa Barat,D01
O0120,Outlet 120,MT,Bali,D06
O0121,Outlet 121,GT,Banten,D05
O0122,Outlet 122,GT,Banten,D07
O0123,Outlet 123,GT,Banten,D06
O0124,Outlet 124,GT,Jawa Tengah,D10
O0125,Outlet 125,MT,Banten,D06
O0126,Outlet 126,MT,Bali,D05
O0127,Outlet 127,MT,Bali,D04
O0128,Outlet 128,MT,Jawa Barat,D10
O0129,Outlet 129,GT,Jawa Timur,D01
O0130,Outlet 130,GT,Banten,D07
O0131,Outlet 131,MT,Bali,D05
O0132,Outlet 132,GT,Jawa Timur,D10
O0133,Outlet 133,GT,Jawa Barat,D01
O0134,Outlet 134,GT,Banten,D04
O0135,Outlet 135,GT,Jawa Barat,D01
O0136,Outlet 136,GT,Jawa Tengah,D04
O0137,Outlet 137,GT,Jawa Barat,D03
O0138,Outlet 138,GT,DKI Jakarta,D03
O0139,Outlet 139,GT,Jawa Timur,D03
O0140,Outlet 140,GT,Jawa Barat,D02
O0141,Outlet 141,MT,Jawa Barat,D03
O0142,Outlet 142,MT,Jawa Barat,D08
O0143,Outlet 143,MT,Jawa Barat,D10
O0144,Outlet 144,MT,Jawa Tengah,D09
O0145,Outlet 145,GT,Jawa Barat,D05
O0146,Outlet 146,MT,Jawa Tengah,D08
O0147,Outlet 147,GT,Banten,D09
O0148,Outlet 148,GT,Banten,D09
O0149,Outlet 149,GT,Jawa Tengah,D01
O0150,Outlet 150,GT,Jawa Timur,D02
O0151,Outlet 151,MT,Bali,D05
O0152,Outlet 152,MT,Banten,D07
O0153,Outlet 153,GT,DKI Jakarta,D01
O0154,Outlet 154,GT,Jawa Timur,D09
O0155,Outlet 155,MT,Jawa Tengah,D03
O0156,Outlet 156,MT,Jawa Timur,D09
O0157,Outlet 157,GT,DKI Jakarta,D07
O0158,Outlet 158,GT,Jawa Timur,D03
O0159,Outlet 159,GT,Banten,D05
O0160,Outlet 160,MT,DKI Jakarta,D04
O0161,Outlet 161,GT,Jawa Timur,D05
O0162,Outlet 162,GT,DKI Jakarta,D07
O0163,Outlet 163,MT,Jawa Barat,D10
O0164,Outlet 164,MT,Jawa Barat,D05
O0165,Outlet 165,GT,Banten,D02
O0166,Outlet 166,GT,DKI Jakarta,D10
O0167,Outlet 167,GT,DKI Jakarta,D06
O0168,Outlet 168,MT,Banten,D08
O0169,Outlet 169,MT,Jawa Barat,D10
O0170,Outlet 170,MT,Banten,D05
O0171,Outlet 171,MT,Banten,D01
O0172,Outlet 172,GT,DKI Jakarta,D07
O0173,Outlet 173,GT,Jawa Timur,D04
O0174,Outlet 174,MT,Jawa Tengah,D06
O0175,Outlet 175,GT,Jawa Barat,D10
O0176,Outlet 176,MT,Bali,D03
O0177,Outlet 177,MT,Jawa Barat,D10
O0178,Outlet 178,GT,Banten,D09
O0179,Outlet 179,GT,Jawa Tengah,D09
O0180,Outlet 180,MT,DKI Jakarta,D09
O0181,Outlet 181,GT,Bali,D05
O0182,Outlet 182,GT,Jawa Timur,D05
O0183,Outlet 183,MT,Banten,D05
O0184,Outlet 184,MT,Jawa Tengah,D04
O0185,Outlet 185,MT,DKI Jakarta,D01
O0186,Outlet 186,GT,DKI Jakarta,D05
O0187,Outlet 187,GT,Jawa Tengah,D07
O0188,Outlet 188,MT,Jawa Timur,D10
O0189,Outlet 189,GT,Bali,D08
O0190,Outlet 190,GT,Jawa Barat,D04
O0191,Outlet 191,GT,Jawa Barat,D02
O0192,Outlet 192,MT,Banten,D09
O0193,Outlet 193,MT,Jawa Tengah,D06
O0194,Outlet 194,MT,DKI Jakarta,D01
O0195,Outlet 195,MT,Banten,D03
O0196,Outlet 196,GT,Jawa Barat,D03
O0197,Outlet 197,GT,DKI Jakarta,D02
O0198,Outlet 198,MT,Bali,D02
O0199,Outlet 199,GT,Banten,D07
O0200,Outlet 200,MT,Bali,D01
O0201,Outlet 201,GT,DKI Jakarta,D05
O0202,Outlet 202,GT,DKI Jakarta,D06
O0203,Outlet 203,GT,DKI Jakarta,D01
O0204,Outlet 204,GT,Jawa Tengah,D01
O0205,Outlet 205,MT,Bali,D01
O0206,Outlet 206,GT,Banten,D06
O0207,Outlet 207,GT,Banten,D05
O0208,Outlet 208,GT,Jawa Barat,D03
O0209,Outlet 209,MT,Bali,D09
O0210,Outlet 210,MT,Jawa Tengah,D04
O0211,Outlet 211,MT,DKI Jakarta,D08
O0212,Outlet 212,GT,Jawa Timur,D08
O0213,Outlet 213,MT,Jawa Barat,D02
O0214,Outlet 214,GT,Jawa Tengah,D02
O0215,Outlet 215,GT,Bali,D05
O0216,Outlet 216,MT,Jawa Tengah,D09
O0217,Outlet 217,GT,Banten,D05
O0218,Outlet 218,GT,Jawa Tengah,D03
O0219,Outlet 219,GT,Jawa Timur,D02
O0220,Outlet 220,MT,Jawa Barat,D02
O0221,Outlet 221,MT,Jawa Tengah,D03
O0222,Outlet 222,GT,Jawa Timur,D09
O0223,Outlet 223,GT,Jawa Timur,D07
O0224,Outlet 224,GT,DKI Jakarta,D05
O0225,Outlet 225,GT,Jawa Barat,D08
O0226,Outlet 226,GT,DKI Jakarta,D04
O0227,Outlet 227,GT,Jawa Barat,D06
O0228,Outlet 228,GT,Banten,D03
O0229,Outlet 229,GT,Jawa Tengah,D06
O0230,Outlet 230,GT,Jawa Timur,D08
O0231,Outlet 231,GT,DKI Jakarta,D03
O0232,Outlet 232,GT,Jawa Tengah,D02
O0233,Outlet 233,GT,Jawa Tengah,D03
O0234,Outlet 234,GT,Jawa Barat,D10
O0235,Outlet 235,MT,Banten,D06
O0236,Outlet 236,MT,DKI Jakarta,D10
O0237,Outlet 237,GT,DKI Jakarta,D10
O0238,Outlet 238,GT,DKI Jakarta,D10
O0239,Outlet 239,GT,DKI Jakarta,D06
O0240,Outlet 240,MT,Bali,D01
O0241,Outlet 241,MT,DKI Jakarta,D08
O0242,Outlet 242,GT,Banten,D04
O0243,Outlet 243,MT,Bali,D10
O0244,Outlet 244,GT,Bali,D08
O0245,Outlet 245,GT,Jawa Barat,D08
O0246,Outlet 246,MT,Jawa Tengah,D07
O0247,Outlet 247,GT,Jawa Timur,D02
O0248,Outlet 248,MT,Jawa Tengah,D03
O0249,Outlet 249,MT,DKI Jakarta,D07
