sku_id,brand,sku_name,pack_size,channel_master
FR001,FreshClean,FreshClean Regular 1L,1L,GT
FR002,FreshClean,FreshClean Premium 450ml,450ml,GT
FR003,FreshClean,FreshClean Lemon 450ml,450ml,GT
FR004,FreshClean,FreshClean Rose 1L,1L,GT
FR005,FreshClean,FreshClean Mint 750ml,750ml,GT
FR006,FreshClean,FreshClean Regular 450ml,450ml,GT
FR007,FreshClean,FreshClean Premium 450ml,450ml,GT
FR008,FreshClean,FreshClean Lemon 450ml,450ml,GT
FR009,FreshClean,FreshClean Rose 1L,1L,GT
SH010,ShineBright,ShineBright Regular 450ml,450ml,MT
SH011,ShineBright,ShineBright Premium 1L,1L,MT
SH012,ShineBright,ShineBright Lemon 1L,1L,MT
SH013,ShineBright,ShineBright Rose 1L,1L,MT
SH014,ShineBright,ShineBright Mint 450ml,450ml,MT
SH015,ShineBright,ShineBright Regular 1L,1L,MT
HO016,HomePure,HomePure Regular 750ml,750ml,Both
HO017,HomePure,HomePure Premium 450ml,450ml,Both
HO018,HomePure,HomePure Lemon 450ml,450ml,Both
HO019,HomePure,HomePure Rose 450ml,450ml,Both
HO020,HomePure,HomePure Mint 450ml,450ml,Both
HO021,HomePure,HomePure Regular 450ml,450ml,Both
MA022,MaxKleen,MaxKleen Regular 1L,1L,Both
MA023,MaxKleen,MaxKleen Premium 1L,1L,Both
MA024,MaxKleen,MaxKleen Lemon 450ml,450ml,Both
MA025,MaxKleen,MaxKleen Rose 1L,1L,Both
MA026,MaxKleen,MaxKleen Mint 450ml,450ml,Both
MA027,MaxKleen,MaxKleen Regular 1L,1L,Both
MA028,MaxKleen,MaxKleen Premium 1L,1L,Both
MA029,MaxKleen,MaxKleen Lemon 1L,1L,Both
