promo_id,promo_name,promo_type,start_date,end_date,channel_scope,scope_type,scope_value,discount_rate,promo_budget,listing_fee
P001,Promo 1,Bundling,2024-07-23,2024-07-30,MT,Global,,0.0,36416272.77,2041503.1
P002,Promo 2,Trade,2024-11-20,2024-12-03,MT,Global,,0.0,22096728.53,2153876.28
P003,Promo 3,Multi-buy,2025-07-29,2025-08-12,GT,Region,DKI Jakarta,0.0,8546008.91,1759069.69
P004,Promo 4,Multi-buy,2023-05-23,2023-06-01,Both,Region,Bali,0.0,15255422.4,1736327.78
P005,Promo 5,Discount,2025-02-17,2025-03-13,GT,Distributor,D02,0.21,21417448.05,2221085.8
P006,Promo 6,Trade,2023-05-27,2023-06-13,Both,Region,Bali,0.0,37810705.91,980414.96
P007,Promo 7,Bundling,2024-03-25,2024-04-21,MT,Global,,0.0,15307163.24,192601.46
P008,Promo 8,Multi-buy,2024-03-08,2024-04-04,MT,Region,DKI Jakarta,0.0,34494739.94,2373791.41
P009,Promo 9,Bundling,2023-10-13,2023-11-04,Both,Global,,0.0,30261566.04,1576449.65
P010,Promo 10,Bundling,2025-01-11,2025-02-01,MT,Distributor,D07,0.0,27928683.22,545456.47
P011,Promo 11,Discount,2023-11-24,2023-12-28,Both,Distributor,D03,0.07,22172867.89,5976728.28
P012,Promo 12,Multi-buy,2023-01-24,2023-02-07,Both,Distributor_Segment,Pareto_Top20,0.0,44815480.26,4505266.8
P013,Promo 13,Multi-buy,2025-06-09,2025-06-26,GT,Global,,0.0,5146039.22,4332552.37
P014,Promo 14,Multi-buy,2024-01-01,2024-02-09,MT,Distributor_Segment,Pareto_Top20,0.0,44173335.64,1790668.75
P015,Promo 15,Trade,2023-11-27,2024-01-06,MT,Global,,0.0,31952506.3,2931634.25
P016,Promo 16,Discount,2024-09-21,2024-10-13,MT,Distributor_Segment,Pareto_Top20,0.11,30531062.47,472542.29
P017,Promo 17,Bundling,2023-09-15,2023-09-30,Both,Distributor,D09,0.0,26387707.01,3298821.56
P018,Promo 18,Multi-buy,2025-05-16,2025-06-05,Both,Region,Banten,0.0,38986933.85,4139205.79
P019,Promo 19,Multi-buy,2025-02-03,2025-03-10,Both,Global,,0.0,25316876.36,1487433.68
P020,Promo 20,Discount,2024-04-16,2024-05-07,MT,Global,,0.07,33399633.08,1373650.7
P021,Promo 21,Discount,2025-11-18,2025-12-10,GT,Distributor,D02,0.22,14640656.33,793871.09
P022,Promo 22,Bundling,2025-08-26,2025-09-28,MT,Global,,0.0,9244660.84,3953896.5
P023,Promo 23,Multi-buy,2023-04-21,2023-05-04,MT,Region,Jawa Timur,0.0,23117957.69,2035815.63
P024,Promo 24,Discount,2024-01-25,2024-02-29,MT,Global,,0.16,17534531.51,1498838.69
P025,Promo 25,Discount,2023-07-20,2023-07-30,Both,Region,Banten,0.3,42621241.33,5813977.54
P026,Promo 26,Trade,2025-09-21,2025-10-28,MT,Global,,0.0,43909267.73,5414657.19
P027,Promo 27,Trade,2025-03-10,2025-04-02,GT,Global,,0.0,17836215.3,4179549.02
P028,Promo 28,Bundling,2024-08-30,2024-09-19,MT,Global,,0.0,31063113.09,3253171.21
P029,Promo 29,Multi-buy,2025-09-03,2025-10-12,Both,Global,,0.0,12084472.76,5764673.42
P030,Promo 30,Discount,2023-05-20,2023-06-11,GT,Distributor,D02,0.08,45062929.14,1477292.09
P031,Promo 31,Discount,2024-10-09,2024-11-01,MT,Region,Jawa Timur,0.22,19138273.83,1593687.08
P032,Promo 32,Trade,2025-07-25,2025-08-21,MT,Region,Jawa Tengah,0.0,5419195.56,3726955.53
P033,Promo 33,Discount,2024-03-12,2024-04-20,GT,Global,,0.08,20705397.57,412747.88
P034,Promo 34,Trade,2023-11-20,2023-12-25,Both,Global,,0.0,36659296.63,3670066.59
P035,Promo 35,Discount,2024-09-05,2024-09-18,MT,Region,Banten,0.12,45037071.82,4454500.1
P036,Promo 36,Trade,2024-03-07,2024-04-04,MT,Global,,0.0,35937370.8,5117476.89
P037,Promo 37,Bundling,2023-04-15,2023-04-27,Both,Global,,0.0,24060909.77,1660081.34
P038,Promo 38,Discount,2023-09-25,2023-10-18,MT,Global,,0.24,29825618.95,2566121.51
P039,Promo 39,Discount,2023-11-02,2023-11-11,GT,Global,,0.2,11664220.35,764673.12
P040,Promo 40,Multi-buy,2023-03-23,2023-04-21,MT,Global,,0.0,35693000.97,4001600.46
P041,Promo 41,Multi-buy,2023-11-13,2023-12-05,MT,Distributor,D07,0.0,48929271.48,4864630.32
P042,Promo 42,Bundling,2024-11-11,2024-12-14,Both,Global,,0.0,43882881.28,4864495.9
P043,Promo 43,Multi-buy,2023-08-10,2023-09-10,MT,Global,,0.0,43636696.31,1334602.31
P044,Promo 44,Bundling,2024-04-11,2024-05-02,MT,Global,,0.0,34701493.22,2390795.87
P045,Promo 45,Multi-buy,2024-12-20,2025-01-28,GT,Distributor,D05,0.0,35578315.33,5061966.98
P046,Promo 46,Multi-buy,2023-08-25,2023-09-17,MT,Distributor_Segment,Pareto_Top20,0.0,31126538.02,5901303.44
P047,Promo 47,Discount,2025-06-08,2025-07-07,Both,Global,,0.25,24637724.77,5905415.1
P048,Promo 48,Discount,2024-01-25,2024-02-17,MT,Global,,0.23,5076107.52,5553450.99
P049,Promo 49,Trade,2023-05-24,2023-06-21,Both,Global,,0.0,19126204.03,5088091.68
P050,Promo 50,Multi-buy,2025-04-16,2025-05-13,GT,Region,Bali,0.0,36374378.64,3326474.87
P051,Promo 51,Trade,2023-12-23,2024-01-18,GT,Region,Jawa Timur,0.0,29657174.59,2435.64
P052,Promo 52,Multi-buy,2024-10-21,2024-11-26,GT,Global,,0.0,24897190.97,1282208.41
P053,Promo 53,Bundling,2023-06-23,2023-07-18,Both,Distributor,D03,0.0,34873422.63,3715564.83
P054,Promo 54,Discount,2024-09-27,2024-10-18,MT,Distributor,D04,0.09,7079617.31,5903616.14
P055,Promo 55,Discount,2024-02-03,2024-03-05,GT,Region,Bali,0.15,11640710.53,4125734.48
P056,Promo 56,Discount,2023-12-27,2024-02-05,GT,Distributor,D04,0.06,16213922.58,5090018.08
P057,Promo 57,Bundling,2025-08-09,2025-09-18,Both,Global,,0.0,31795354.33,5700237.65
P058,Promo 58,Bundling,2025-10-30,2025-12-03,Both,Region,Bali,0.0,25066112.54,954947.45
P059,Promo 59,Bundling,2024-07-21,2024-08-30,GT,Region,Jawa Barat,0.0,33203679.66,1647584.68
P060,Promo 60,Discount,2024-07-10,2024-08-07,GT,Distributor,D04,0.27,8625994.59,904983.95
P061,Promo 61,Bundling,2024-03-14,2024-03-25,GT,Region,Bali,0.0,23341971.63,3255666.84
P062,Promo 62,Bundling,2025-05-10,2025-06-10,Both,Global,,0.0,47572791.51,117191.74
P063,Promo 63,Bundling,2024-09-03,2024-10-04,GT,Region,Jawa Tengah,0.0,29219925.54,4407804.36
P064,Promo 64,Trade,2025-06-11,2025-07-19,MT,Region,Jawa Tengah,0.0,22498574.15,4013241.72
P065,Promo 65,Bundling,2023-09-19,2023-09-27,GT,Distributor,D08,0.0,31635174.9,3977998.54
P066,Promo 66,Discount,2025-08-03,2025-08-21,MT,Region,Jawa Barat,0.12,19730870.01,2728195.95
P067,Promo 67,Multi-buy,2024-07-23,2024-08-25,GT,Distributor,D07,0.0,42570991.17,2821841.02
P068,Promo 68,Discount,2024-12-17,2025-01-07,Both,Distributor_Segment,Pareto_Top20,0.07,48077852.12,241548.83
P069,Promo 69,Discount,2024-02-13,2024-02-21,Both,Distributor_Segment,Pareto_Top20,0.09,10679943.87,4016753.07
P070,Promo 70,Trade,2025-01-25,2025-02-11,Both,Region,Jawa Tengah,0.0,32326137.23,4487553.91
P071,Promo 71,Discount,2024-09-29,2024-10-12,Both,Distributor,D03,0.06,19038076.0,4064083.72
P072,Promo 72,Bundling,2024-02-11,2024-02-22,Both,Global,,0.0,36077648.72,3763454.37
P073,Promo 73,Discount,2023-09-05,2023-09-14,GT,Region,Jawa Tengah,0.18,34768460.33,413740.42
P074,Promo 74,Multi-buy,2025-05-10,2025-06-17,MT,Global,,0.0,24508553.06,2173128.23
P075,Promo 75,Bundling,2023-12-27,2024-02-05,Both,Distributor,D07,0.0,17153707.84,4849195.31
P076,Promo 76,Bundling,2024-07-03,2024-07-30,MT,Region,Bali,0.0,42382895.85,519977.39
P077,Promo 77,Bundling,2025-08-09,2025-09-09,GT,Global,,0.0,6291499.9,5105717.02
P078,Promo 78,Trade,2024-06-13,2024-07-11,GT,Region,Jawa Tengah,0.0,44614399.09,4207102.5
P079,Promo 79,Multi-buy,2024-01-27,2024-02-08,MT,Region,Banten,0.0,37403359.88,2931467.08
P080,Promo 80,Trade,2025-10-02,2025-11-06,MT,Region,Bali,0.0,9187400.77,1329578.4
P081,Promo 81,Trade,2025-01-25,2025-03-03,Both,Global,,0.0,28891486.9,2553022.88
P082,Promo 82,Multi-buy,2025-07-18,2025-08-11,GT,Global,,0.0,16313165.43,723935.31
P083,Promo 83,Trade,2024-01-15,2024-02-03,MT,Global,,0.0,38237209.41,1658997.76
P084,Promo 84,Multi-buy,2024-02-02,2024-02-27,MT,Distributor_Segment,Pareto_Top20,0.0,21239648.11,1813605.53
P085,Promo 85,Trade,2023-04-22,2023-05-17,Both,Global,,0.0,47484032.67,3827217.93
P086,Promo 86,Bundling,2023-01-26,2023-02-20,GT,Global,,0.0,26542139.39,2044235.6
P087,Promo 87,Discount,2025-09-05,2025-09-19,MT,Global,,0.15,8333697.66,3776674.24
P088,Promo 88,Discount,2024-09-14,2024-09-26,MT,Global,,0.08,39399955.04,3637905.91
P089,Promo 89,Trade,2025-07-11,2025-08-15,GT,Distributor,D07,0.0,43707499.96,5940187.56
P090,Promo 90,Multi-buy,2023-07-23,2023-08-12,Both,Region,DKI Jakarta,0.0,14496133.79,3962568.82
